{
  "n": 429,
  "dims": {
    "specificity_drift": {
      "mean": -0.026177922202278284,
      "median": -0.02587635126488029,
      "ci_low": -0.12275069984453636,
      "ci_high": 0.06567047445527475,
      "pct_above_zero": 0.283,
      "pct_below_zero": 0.717
    },
    "hedging_drift": {
      "mean": -0.050922025818052274,
      "median": -0.051243362324561836,
      "ci_low": -0.14733020566364685,
      "ci_high": 0.04723378941856171,
      "pct_above_zero": 0.134,
      "pct_below_zero": 0.866
    },
    "tone_drift": {
      "mean": -0.05213548314327912,
      "median": -0.05283046488418566,
      "ci_low": -0.14769646959188815,
      "ci_high": 0.04783605228143825,
      "pct_above_zero": 0.135,
      "pct_below_zero": 0.865
    },
    "forward_drift": {
      "mean": -0.06808649718012615,
      "median": -0.06882840394291485,
      "ci_low": -0.1693897302493121,
      "ci_high": 0.030590294925339472,
      "pct_above_zero": 0.096,
      "pct_below_zero": 0.904
    },
    "transparency_drift": {
      "mean": 0.08709975501219275,
      "median": 0.08671700867643661,
      "ci_low": -0.01202087822772423,
      "ci_high": 0.1834241179758796,
      "pct_above_zero": 0.953,
      "pct_below_zero": 0.047
    }
  }
}